School Name,State Name [Public School] Latest available year,School Name [Public School] 2023-24,County Name [Public School] 2023-24,Location ZIP [Public School] 2023-24,School Type [Public School] 2023-24,Charter School [Public School] 2023-24,Latitude [Public School] 2023-24,Longitude [Public School] 2023-24,School Level (SY 2017-18 onward) [Public School] 2023-24,Lowest Grade Offered [Public School] 2023-24,Highest Grade Offered [Public School] 2023-24,Total Students All Grades (Excludes AE) [Public School] 2023-24,Free Lunch Eligible [Public School] 2023-24,Direct Certification [Public School] 2023-24,Reduced-price Lunch Eligible Students [Public School] 2023-24,Free and Reduced Lunch Students [Public School] 2023-24,Grades 1-8 Students [Public School] 2023-24,Grades 9-12 Students [Public School] 2023-24,Prekindergarten Students [Public School] 2023-24,Kindergarten Students [Public School] 2023-24,Male Students [Public School] 2023-24,Female Students [Public School] 2023-24,American Indian/Alaska Native Students [Public School] 2023-24,Asian or Asian/Pacific Islander Students [Public School] 2023-24,Hispanic Students [Public School] 2023-24,Black or African American Students [Public School] 2023-24,White Students [Public School] 2023-24,Nat. Hawaiian or Other Pacific Isl. Students [Public School] 2023-24,Two or More Races Students [Public School] 2023-24,Total Race/Ethnicity [Public School] 2023-24,Pupil/Teacher Ratio [Public School] 2023-24,source_file
ANDERSON ELEMENTARY SCHOOL,Georgia,Anderson Elementary School,Clayton County,30288,1-Regular school,2-No,33.6406,-84.3334,Elementary,Prekindergarten,5th Grade,479.0,429,184,0,429,390,†,27,62,243.0,236.0,1.0,0.0,200.0,259.0,10.0,1.0,8.0,479.0,14.97,ELSI_NCES_GA_school_data.csv
ASA HILLIARD ELEMENTARY SCHOOL,Georgia,Asa Hilliard Elementary School,Fulton County,30344,1-Regular school,2-No,33.664771,-84.478752,Elementary,Prekindergarten,5th Grade,432.0,432,194,0,432,325,†,41,66,230.0,202.0,1.0,2.0,48.0,367.0,3.0,0.0,11.0,432.0,10.83,ELSI_NCES_GA_school_data.csv
ASHFORD PARK ELEMENTARY SCHOOL,Georgia,Ashford Park Elementary School,DeKalb County,30319,1-Regular school,2-No,33.87434,-84.322021,Elementary,Prekindergarten,5th Grade,725.0,108,35,8,116,547,†,22,156,360.0,365.0,2.0,55.0,77.0,91.0,435.0,0.0,65.0,725.0,14.89,ELSI_NCES_GA_school_data.csv
ATLANTA CLASSICAL ACADEMY,GEORGIA,Atlanta Classical Academy,Fulton County,30305,1-Regular school,1-Yes,33.84378,-84.407711,Other,Kindergarten,12th Grade,681.0,96,42,19,115,468,159,†,54,341.0,340.0,1.0,9.0,52.0,110.0,462.0,1.0,46.0,681.0,11.48,ELSI_NCES_GA_school_data.csv
ATLANTA HEIGHTS CHARTER SCHOOL,Georgia,Atlanta Heights Charter School,Fulton County,30331,1-Regular school,1-Yes,33.762973,-84.513714,Elementary,Kindergarten,8th Grade,765.0,762,454,0,762,670,†,†,95,368.0,397.0,1.0,0.0,35.0,676.0,0.0,0.0,53.0,765.0,25.25,ELSI_NCES_GA_school_data.csv
ATLANTA NEIGHBORHOOD CHARTER - ELEMENTARY,Georgia,Atlanta Neighborhood Charter - Elementary,Fulton County,30315,1-Regular school,1-Yes,33.7357,-84.3761,Elementary,Kindergarten,5th Grade,394.0,45,20,10,55,330,†,†,64,201.0,193.0,0.0,3.0,18.0,74.0,258.0,1.0,40.0,394.0,11.76,ELSI_NCES_GA_school_data.csv
ATLANTA NEIGHBORHOOD CHARTER - MIDDLE,Georgia,Atlanta Neighborhood Charter - Middle,Fulton County,30316,1-Regular school,1-Yes,33.732522,-84.355146,Middle,6th Grade,8th Grade,234.0,30,12,11,41,234,†,†,†,127.0,107.0,0.0,4.0,12.0,48.0,147.0,0.0,23.0,234.0,11.58,ELSI_NCES_GA_school_data.csv
ATLANTA SMART ACADEMY,GEORGIA,Atlanta SMART Academy,Fulton County,30311,1-Regular school,1-Yes,33.752756,-84.474272,Middle,5th Grade,8th Grade,213.0,188,88,0,188,213,†,†,†,103.0,110.0,0.0,0.0,3.0,200.0,1.0,0.0,9.0,213.0,11.51,ELSI_NCES_GA_school_data.csv
ATLANTA UNBOUND ACADEMY,GEORGIA,Atlanta Unbound Academy,Fulton County,30337,1-Regular school,1-Yes,33.660719,-84.445933,Elementary,Kindergarten,8th Grade,190.0,169,79,0,169,166,†,†,24,90.0,100.0,0.0,0.0,3.0,184.0,2.0,0.0,1.0,190.0,12.67,ELSI_NCES_GA_school_data.csv
AVONDALE ELEMENTARY SCHOOL,Georgia,Avondale Elementary School,DeKalb County,30002,1-Regular school,2-No,33.773871,-84.261955,Elementary,Prekindergarten,5th Grade,456.0,446,160,0,446,349,†,33,74,221.0,235.0,1.0,30.0,38.0,298.0,71.0,0.0,18.0,456.0,13.73,ELSI_NCES_GA_school_data.csv
B.E.S.T ACADEMY,Georgia,B.E.S.T Academy,Fulton County,30318,1-Regular school,2-No,33.788712,-84.479439,High,6th Grade,12th Grade,237.0,229,81,0,229,104,133,†,†,237.0,0.0,0.0,0.0,9.0,225.0,0.0,0.0,3.0,237.0,6.58,ELSI_NCES_GA_school_data.csv
BARACK AND MICHELLE OBAMA ACADEMY,Georgia,Barack and Michelle Obama Academy,Fulton County,30315,1-Regular school,2-No,33.7282,-84.3827,Elementary,Prekindergarten,5th Grade,269.0,269,132,0,269,204,†,24,41,134.0,135.0,1.0,4.0,3.0,248.0,10.0,0.0,3.0,269.0,12.17,ELSI_NCES_GA_school_data.csv
BARACK H. OBAMA ELEMENTARY MAGNET SCHOOL OF TECHNOLOGY,GEORGIA,Barack H. Obama Elementary Magnet School of Technology,DeKalb County,30316,1-Regular school,2-No,33.695793,-84.301874,Elementary,Prekindergarten,5th Grade,918.0,918,410,0,918,710,†,72,136,482.0,436.0,10.0,2.0,35.0,839.0,8.0,0.0,24.0,918.0,17.49,ELSI_NCES_GA_school_data.csv
BAZOLINE E. USHER/COLLIER HEIGHTS ELEMENTARY SCHOOL,Georgia,Bazoline E. Usher/Collier Heights Elementary School,Fulton County,30318,1-Regular school,2-No,33.7725,-84.494,Elementary,Prekindergarten,5th Grade,405.0,405,186,0,405,325,†,23,57,218.0,187.0,2.0,1.0,12.0,383.0,3.0,0.0,4.0,405.0,10.18,ELSI_NCES_GA_school_data.csv
BEACON HILL MIDDLE SCHOOL,Georgia,Beacon Hill Middle School,DeKalb County,30030,1-Regular school,2-No,33.7681,-84.299,Middle,6th Grade,8th Grade,1322.0,213,184,6,219,1322,†,†,†,676.0,646.0,1.0,60.0,60.0,240.0,841.0,0.0,120.0,1322.0,12.91,ELSI_NCES_GA_school_data.csv
BEECHER HILLS ELEMENTARY SCHOOL,Georgia,Beecher Hills Elementary School,Fulton County,30311,1-Regular school,2-No,33.7359,-84.4635,Elementary,Prekindergarten,5th Grade,252.0,201,78,0,201,197,†,21,34,130.0,122.0,0.0,0.0,8.0,238.0,2.0,0.0,4.0,252.0,9.73,ELSI_NCES_GA_school_data.csv
BENJAMIN E. MAYS HIGH SCHOOL,Georgia,Benjamin E. Mays High School,Fulton County,30331,1-Regular school,2-No,33.7339,-84.5038,High,9th Grade,12th Grade,1363.0,1126,474,0,1126,†,1363,†,†,675.0,688.0,2.0,0.0,93.0,1255.0,1.0,0.0,12.0,1363.0,12.17,ELSI_NCES_GA_school_data.csv
BENTEEN ELEMENTARY SCHOOL,Georgia,Benteen Elementary School,Fulton County,30315,1-Regular school,2-No,33.71643,-84.364398,Elementary,Prekindergarten,5th Grade,306.0,259,68,0,259,234,†,37,35,164.0,142.0,2.0,0.0,90.0,140.0,50.0,1.0,23.0,306.0,9.27,ELSI_NCES_GA_school_data.csv
BOB MATHIS ELEMENTARY SCHOOL,Georgia,Bob Mathis Elementary School,DeKalb County,30034,1-Regular school,2-No,33.689684,-84.240834,Elementary,Prekindergarten,5th Grade,354.0,354,147,0,354,269,†,29,56,189.0,165.0,1.0,5.0,30.0,301.0,3.0,0.0,14.0,354.0,10.99,ELSI_NCES_GA_school_data.csv
BOLTON ACADEMY ELEMENTARY,Georgia,Bolton Academy Elementary,Fulton County,30318,1-Regular school,2-No,33.8174,-84.4553,Elementary,Prekindergarten,5th Grade,557.0,191,73,35,226,412,†,66,79,275.0,282.0,0.0,15.0,127.0,244.0,132.0,1.0,38.0,557.0,13.23,ELSI_NCES_GA_school_data.csv
BOOKER T. WASHINGTON HIGH SCHOOL,GEORGIA,Booker T. Washington High School,Fulton County,30314,1-Regular school,2-No,33.753637,-84.420896,High,9th Grade,12th Grade,859.0,838,394,0,838,†,859,†,†,408.0,451.0,2.0,0.0,24.0,813.0,5.0,1.0,14.0,859.0,14.34,ELSI_NCES_GA_school_data.csv
BRIAR VISTA ELEMENTARY SCHOOL,Georgia,Briar Vista Elementary School,DeKalb County,30324,1-Regular school,2-No,33.8101,-84.3383,Elementary,Prekindergarten,5th Grade,469.0,255,94,28,283,340,†,47,82,245.0,224.0,1.0,41.0,128.0,184.0,86.0,8.0,21.0,469.0,13.71,ELSI_NCES_GA_school_data.csv
BRIARLAKE ELEMENTARY SCHOOL,Georgia,Briarlake Elementary School,DeKalb County,30033,1-Regular school,2-No,33.8392,-84.2692,Elementary,Prekindergarten,5th Grade,376.0,148,54,15,163,296,†,23,57,185.0,191.0,1.0,22.0,73.0,89.0,159.0,1.0,31.0,376.0,10.87,ELSI_NCES_GA_school_data.csv
BROOKVIEW ELEMENTARY SCHOOL,Georgia,Brookview Elementary School,Fulton County,30344,1-Regular school,2-No,33.6464,-84.4958,Elementary,Prekindergarten,5th Grade,430.0,430,243,0,430,333,†,39,58,210.0,220.0,2.0,3.0,9.0,407.0,0.0,0.0,9.0,430.0,13.52,ELSI_NCES_GA_school_data.csv
BURGESS-PETERSON ELEMENTARY SCHOOL,Georgia,Burgess-Peterson Elementary School,DeKalb County,30316,1-Regular school,2-No,33.740471,-84.331072,Elementary,Prekindergarten,5th Grade,568.0,175,86,24,199,447,†,13,108,277.0,291.0,0.0,9.0,38.0,256.0,217.0,0.0,48.0,568.0,13.21,ELSI_NCES_GA_school_data.csv
CARVER HIGH SCHOOL,GEORGIA,Carver High School,Fulton County,30315,1-Regular school,2-No,33.719134,-84.38906,High,9th Grade,12th Grade,492.0,492,211,0,492,†,492,†,†,249.0,243.0,3.0,0.0,9.0,473.0,4.0,0.0,3.0,492.0,14.73,ELSI_NCES_GA_school_data.csv
CARVER HIGH SCHOOL EARLY COLLEGE,Georgia,Carver High School Early College,Fulton County,30315,1-Regular school,2-No,33.7191,-84.3888,High,9th Grade,12th Grade,526.0,526,201,0,526,†,526,†,†,249.0,277.0,1.0,0.0,16.0,499.0,5.0,0.0,5.0,526.0,7.74,ELSI_NCES_GA_school_data.csv
CARY REYNOLDS ELEMENTARY SCHOOL,Georgia,Cary Reynolds Elementary School,DeKalb County,30319,1-Regular school,2-No,33.915132,-84.320168,Elementary,Prekindergarten,5th Grade,256.0,232,59,8,240,203,†,22,31,140.0,116.0,1.0,19.0,224.0,7.0,3.0,0.0,2.0,256.0,9.73,ELSI_NCES_GA_school_data.csv
CASCADE ELEMENTARY SCHOOL,Georgia,Cascade Elementary School,Fulton County,30311,1-Regular school,2-No,33.7172,-84.4655,Elementary,Prekindergarten,5th Grade,293.0,290,165,0,290,225,†,20,48,152.0,141.0,1.0,2.0,7.0,279.0,0.0,0.0,4.0,293.0,8.91,ELSI_NCES_GA_school_data.csv
CEDAR GROVE MIDDLE SCHOOL,Georgia,Cedar Grove Middle School,DeKalb County,30034,1-Regular school,2-No,33.6873,-84.2957,Middle,6th Grade,8th Grade,712.0,712,360,0,712,712,†,†,†,400.0,312.0,2.0,3.0,42.0,652.0,3.0,0.0,10.0,712.0,15.48,ELSI_NCES_GA_school_data.csv
CENTENNIAL PLACE ACADEMY (CHARTER),Georgia,Centennial Place Academy (Charter),Fulton County,30313,1-Regular school,1-Yes,33.7697,-84.3954,Elementary,Kindergarten,8th Grade,715.0,531,298,0,531,644,†,†,71,349.0,366.0,6.0,10.0,20.0,640.0,11.0,2.0,26.0,715.0,11.17,ELSI_NCES_GA_school_data.csv
CHAPEL HILL ELEMENTARY SCHOOL,Georgia,Chapel Hill Elementary School,DeKalb County,30034,1-Regular school,2-No,33.679,-84.2187,Elementary,Prekindergarten,5th Grade,525.0,525,261,0,525,433,†,28,64,265.0,260.0,3.0,0.0,32.0,471.0,7.0,0.0,12.0,525.0,13.74,ELSI_NCES_GA_school_data.csv
CHAPEL HILL MIDDLE SCHOOL,Georgia,Chapel Hill Middle School,DeKalb County,30034,1-Regular school,2-No,33.68,-84.216,Middle,6th Grade,8th Grade,619.0,576,254,0,576,619,†,†,†,325.0,294.0,1.0,2.0,31.0,564.0,4.0,1.0,16.0,619.0,13.91,ELSI_NCES_GA_school_data.csv
CHARLES DREW CHARTER JA/SR ACADEMY,GEORGIA,Charles Drew Charter JA/SR Academy,DeKalb County,30317,1-Regular school,1-Yes,33.7465,-84.3113,High,6th Grade,12th Grade,916.0,302,127,37,339,440,476,†,†,442.0,474.0,3.0,8.0,32.0,665.0,167.0,4.0,37.0,916.0,12.30,ELSI_NCES_GA_school_data.csv
CHARLES L. GIDEONS ELEMENTARY SCHOOL,Georgia,Charles L. Gideons Elementary School,Fulton County,30310,1-Regular school,2-No,33.730624,-84.405605,Elementary,Prekindergarten,5th Grade,295.0,295,128,0,295,232,†,24,39,158.0,137.0,3.0,1.0,9.0,262.0,13.0,0.0,7.0,295.0,9.16,ELSI_NCES_GA_school_data.csv
CHARLES R. DREW CHARTER SCHOOL,Georgia,Charles R. Drew Charter School,DeKalb County,30317,1-Regular school,1-Yes,33.745811,-84.315065,Elementary,Prekindergarten,5th Grade,959.0,280,117,31,311,738,†,84,137,472.0,487.0,1.0,6.0,40.0,545.0,316.0,1.0,50.0,959.0,10.81,ELSI_NCES_GA_school_data.csv
CLAIREMONT ELEMENTARY SCHOOL,Georgia,Clairemont Elementary School,DeKalb County,30030,1-Regular school,2-No,33.7826,-84.2963,Elementary,Prekindergarten,2nd Grade,191.0,71,56,1,72,123,†,24,44,84.0,107.0,0.0,16.0,14.0,76.0,69.0,0.0,16.0,191.0,9.14,ELSI_NCES_GA_school_data.csv
CLEVELAND AVENUE ELEMENTARY SCHOOL,Georgia,Cleveland Avenue Elementary School,Fulton County,30315,1-Regular school,2-No,33.6828,-84.3922,Elementary,Prekindergarten,5th Grade,251.0,238,105,0,238,197,†,16,38,139.0,112.0,0.0,0.0,21.0,224.0,3.0,0.0,3.0,251.0,8.07,ELSI_NCES_GA_school_data.csv
COBB HORIZON HIGH SCHOOL,GEORGIA,Cobb Horizon High School,Cobb County,30339,1-Regular school,2-No,33.910176,-84.48201,High,6th Grade,12th Grade,1027.0,214,83,27,241,209,818,†,†,445.0,582.0,0.0,33.0,292.0,417.0,248.0,0.0,37.0,1027.0,12.95,ELSI_NCES_GA_school_data.csv
COLLEGE PARK ELEMENTARY,GEORGIA,College Park Elementary,Fulton County,30337,1-Regular school,2-No,33.65551,-84.456593,Elementary,Prekindergarten,5th Grade,507.0,507,280,0,507,384,†,41,82,246.0,261.0,2.0,4.0,37.0,443.0,0.0,0.0,21.0,507.0,11.55,ELSI_NCES_GA_school_data.csv
COLUMBIA ELEMENTARY SCHOOL,Georgia,Columbia Elementary School,DeKalb County,30032,1-Regular school,2-No,33.72,-84.2576,Elementary,Prekindergarten,5th Grade,388.0,388,210,0,388,296,†,36,56,200.0,188.0,3.0,1.0,23.0,347.0,5.0,0.0,9.0,388.0,11.51,ELSI_NCES_GA_school_data.csv
COLUMBIA HIGH SCHOOL,Georgia,Columbia High School,DeKalb County,30032,1-Regular school,2-No,33.7281,-84.2509,High,9th Grade,12th Grade,909.0,909,416,0,909,†,909,†,†,445.0,464.0,1.0,5.0,45.0,844.0,5.0,0.0,9.0,909.0,13.57,ELSI_NCES_GA_school_data.csv
COLUMBIA MIDDLE SCHOOL,Georgia,Columbia Middle School,Columbia County,30034,1-Regular school,2-No,33.495782,-82.231981,Middle,6th Grade,8th Grade,939.0,351,119,79,430,939,†,†,†,461.0,478.0,1.0,30.0,148.0,300.0,385.0,3.0,72.0,939.0,15.00,ELSI_NCES_GA_school_data.csv
CONLEY HILLS ELEMENTARY SCHOOL,Georgia,Conley Hills Elementary School,Fulton County,30344,1-Regular school,2-No,33.685,-84.4571,Elementary,Prekindergarten,5th Grade,399.0,399,197,0,399,300,†,41,58,217.0,182.0,1.0,0.0,122.0,258.0,6.0,0.0,12.0,399.0,10.99,ELSI_NCES_GA_school_data.csv
CONTINENTAL COLONY ELEMENTARY SCHOOL,Georgia,Continental Colony Elementary School,Fulton County,30331,1-Regular school,2-No,33.6787,-84.4917,Elementary,Prekindergarten,5th Grade,351.0,351,145,0,351,264,†,37,50,162.0,189.0,1.0,0.0,11.0,333.0,1.0,0.0,5.0,351.0,10.45,ELSI_NCES_GA_school_data.csv
CORALWOOD EDUCATION CENTER,Georgia,Coralwood Education Center,DeKalb County,30033,1-Regular school,2-No,33.8279,-84.2878,Elementary,Prekindergarten,Kindergarten,216.0,91,12,11,102,†,†,152,64,135.0,81.0,2.0,24.0,32.0,63.0,76.0,0.0,19.0,216.0,7.91,ELSI_NCES_GA_school_data.csv
CORETTA SCOTT KING YOUNG WOMEN'S LEADERSHIP ACADEMY,Georgia,Coretta Scott King Young Women's Leadership Academy,Fulton County,30318,1-Regular school,2-No,33.7893,-84.4793,High,6th Grade,12th Grade,339.0,322,119,0,322,145,194,†,†,0.0,339.0,0.0,2.0,16.0,315.0,1.0,0.0,5.0,339.0,6.86,ELSI_NCES_GA_school_data.csv
CRAWFORD LONG MIDDLE SCHOOL,Georgia,Crawford Long Middle School,Fulton County,30354,1-Regular school,2-No,33.6665,-84.3944,Middle,6th Grade,8th Grade,649.0,649,302,0,649,649,†,†,†,346.0,303.0,1.0,0.0,67.0,569.0,1.0,1.0,10.0,649.0,10.37,ELSI_NCES_GA_school_data.csv
CROSS KEYS HIGH SCHOOL,Georgia,Cross Keys High School,DeKalb County,30319,1-Regular school,2-No,33.8439,-84.338,High,9th Grade,12th Grade,1768.0,1356,530,77,1433,†,1768,†,†,904.0,864.0,7.0,74.0,1606.0,62.0,11.0,0.0,8.0,1768.0,14.86,ELSI_NCES_GA_school_data.csv
D. M. THERRELL HIGH SCHOOL,GEORGIA,D. M. Therrell High School,Fulton County,30311,1-Regular school,2-No,33.699023,-84.489856,High,9th Grade,12th Grade,1005.0,794,332,0,794,†,1005,†,†,538.0,467.0,4.0,0.0,34.0,957.0,3.0,0.0,7.0,1005.0,15.61,ELSI_NCES_GA_school_data.csv
DAVID T HOWARD MIDDLE SCHOOL,Georgia,David T Howard Middle School,Fulton County,30312,1-Regular school,2-No,33.758849,-84.369043,Middle,6th Grade,8th Grade,1056.0,255,136,27,282,1056,†,†,†,529.0,527.0,3.0,27.0,114.0,332.0,491.0,2.0,87.0,1056.0,13.32,ELSI_NCES_GA_school_data.csv
DECATUR HIGH SCHOOL,Georgia,Decatur High School,DeKalb County,30030,1-Regular school,2-No,33.770879,-84.296993,High,9th Grade,12th Grade,1834.0,324,280,6,330,†,1834,†,†,898.0,936.0,4.0,66.0,115.0,442.0,1076.0,1.0,130.0,1834.0,14.01,ELSI_NCES_GA_school_data.csv
DEERWOOD ACADEMY,Georgia,Deerwood Academy,Fulton County,30331,1-Regular school,2-No,33.6707,-84.5133,Elementary,Prekindergarten,5th Grade,475.0,348,163,0,348,368,†,45,62,240.0,235.0,0.0,1.0,22.0,444.0,2.0,0.0,6.0,475.0,12.06,ELSI_NCES_GA_school_data.csv
DEKALB BRILLIANCE ACADEMY,GEORGIA,DeKalb Brilliance Academy,DeKalb County,30037,1-Regular school,1-Yes,33.704011,-84.215201,Elementary,Kindergarten,8th Grade,255.0,214,82,0,214,177,†,†,78,139.0,116.0,1.0,2.0,7.0,236.0,7.0,0.0,2.0,255.0,12.75,ELSI_NCES_GA_school_data.csv
DEKALB ELEMENTARY SCHOOL OF THE ARTS,Georgia,DeKalb Elementary School of the Arts,DeKalb County,30002,1-Regular school,2-No,33.77892,-84.260847,Elementary,Kindergarten,8th Grade,591.0,329,132,53,382,549,†,†,42,180.0,411.0,0.0,1.0,20.0,499.0,43.0,0.0,28.0,591.0,14.85,ELSI_NCES_GA_school_data.csv
DEKALB PATH ACADEMY CHARTER SCHOOL,Georgia,DeKalb PATH Academy Charter School,DeKalb County,30319,1-Regular school,1-Yes,33.8758,-84.3379,Middle,5th Grade,8th Grade,368.0,335,131,25,360,368,†,†,†,176.0,192.0,0.0,18.0,320.0,28.0,2.0,0.0,0.0,368.0,21.65,ELSI_NCES_GA_school_data.csv
DEKALB PREPARATORY ACADEMY CHARTER,Georgia,DeKalb Preparatory Academy Charter,DeKalb County,30032,1-Regular school,1-Yes,33.7518,-84.2329,Elementary,Kindergarten,8th Grade,562.0,409,221,58,467,502,†,†,60,303.0,259.0,0.0,2.0,21.0,531.0,0.0,0.0,8.0,562.0,16.53,ELSI_NCES_GA_school_data.csv
DEKALB REGIONAL YOUTH DETENTION CENTER,Georgia,DeKalb Regional Youth Detention Center,DeKalb County,30034,4-Alternative Education School,2-No,33.691519,-84.275848,High,5th Grade,12th Grade,7.0,‡,‡,‡,‡,1,6,†,†,7.0,0.0,0.0,0.0,0.0,7.0,0.0,0.0,0.0,7.0,1.75,ELSI_NCES_GA_school_data.csv
DEKALB SCHOOL OF THE ARTS,Georgia,DeKalb School of the Arts,DeKalb County,30002,1-Regular school,2-No,33.7595,-84.2673,High,8th Grade,12th Grade,302.0,86,29,17,103,0,302,†,†,62.0,240.0,1.0,6.0,16.0,169.0,91.0,0.0,19.0,302.0,12.80,ELSI_NCES_GA_school_data.csv
DEPARTMENT OF HUMAN RESOURCES,Georgia,Department of Human Resources,Fulton County,30303,4-Alternative Education School,2-No,33.7542,-84.3906,Other,Prekindergarten,12th Grade,0.0,†,†,†,†,0,0,0,0,0.0,0.0,0.0,0.0,0.0,0.0,0.0,0.0,0.0,0.0,–,ELSI_NCES_GA_school_data.csv
DESTINATIONS CAREER ACADEMY OF GEORGIA (VIRTUAL),GEORGIA,Destinations Career Academy of Georgia (Virtual),Cobb County,30339,1-Regular school,1-Yes,33.909121,-84.485231,Middle,6th Grade,9th Grade,605.0,293,3,51,344,449,156,†,†,290.0,315.0,8.0,3.0,87.0,252.0,192.0,3.0,60.0,605.0,28.14,ELSI_NCES_GA_school_data.csv
DRUID HILLS HIGH SCHOOL,Georgia,Druid Hills High School,DeKalb County,30307,1-Regular school,2-No,33.7933,-84.3157,High,9th Grade,12th Grade,1430.0,592,213,74,666,†,1430,†,†,733.0,697.0,7.0,130.0,228.0,560.0,444.0,6.0,55.0,1430.0,15.54,ELSI_NCES_GA_school_data.csv
DRUID HILLS MIDDLE SCHOOL,Georgia,Druid Hills Middle School,DeKalb County,30033,1-Regular school,2-No,33.8193,-84.273,Middle,6th Grade,8th Grade,929.0,486,235,58,544,929,†,†,†,500.0,429.0,5.0,81.0,156.0,406.0,221.0,2.0,58.0,929.0,12.90,ELSI_NCES_GA_school_data.csv
E. RIVERS ELEMENTARY SCHOOL,Georgia,E. Rivers Elementary School,Fulton County,30305,1-Regular school,2-No,33.8195,-84.39,Elementary,Prekindergarten,5th Grade,706.0,248,93,35,283,554,†,49,103,367.0,339.0,2.0,31.0,146.0,237.0,249.0,1.0,40.0,706.0,13.74,ELSI_NCES_GA_school_data.csv
EMMA HUTCHINSON ELEMENTARY SCHOOL,Georgia,Emma Hutchinson Elementary School,Fulton County,30315,1-Regular school,2-No,33.6807,-84.4096,Elementary,Prekindergarten,5th Grade,278.0,278,131,0,278,215,†,26,37,133.0,145.0,5.0,0.0,52.0,215.0,4.0,1.0,1.0,278.0,10.53,ELSI_NCES_GA_school_data.csv
ETHOS CLASSICAL CHARTER SCHOOL,GEORGIA,Ethos Classical Charter School,Fulton County,30315,1-Regular school,1-Yes,33.691871,-84.416305,Elementary,Kindergarten,5th Grade,535.0,535,221,0,535,431,†,†,104,271.0,264.0,0.0,0.0,11.0,507.0,6.0,0.0,11.0,535.0,17.83,ELSI_NCES_GA_school_data.csv
F. L. STANTON ELEMENTARY SCHOOL,Georgia,F. L. Stanton Elementary School,Fulton County,30314,1-Regular school,2-No,33.7537,-84.4426,Elementary,Prekindergarten,5th Grade,174.0,174,102,0,174,150,†,1,23,99.0,75.0,0.0,0.0,2.0,171.0,0.0,0.0,1.0,174.0,9.56,ELSI_NCES_GA_school_data.csv
FERNBANK ELEMENTARY SCHOOL,Georgia,Fernbank Elementary School,DeKalb County,30307,1-Regular school,2-No,33.778387,-84.316293,Elementary,Prekindergarten,5th Grade,768.0,175,42,19,194,581,†,66,121,359.0,409.0,6.0,110.0,55.0,161.0,380.0,0.0,56.0,768.0,14.77,ELSI_NCES_GA_school_data.csv
FIFTH AVENUE UPPER ELEMENTARY SCHOOL,Georgia,Fifth Avenue Upper Elementary School,DeKalb County,30030,1-Regular school,2-No,33.755432,-84.305514,Elementary,3rd Grade,5th Grade,593.0,56,52,0,56,593,†,†,†,311.0,282.0,0.0,25.0,22.0,77.0,421.0,0.0,48.0,593.0,11.81,ELSI_NCES_GA_school_data.csv
FINCH ELEMENTARY,Georgia,Finch Elementary,Fulton County,30310,1-Regular school,2-No,33.7219,-84.4244,Elementary,Prekindergarten,5th Grade,319.0,319,167,0,319,253,†,26,40,173.0,146.0,1.0,0.0,7.0,304.0,1.0,0.0,6.0,319.0,8.33,ELSI_NCES_GA_school_data.csv
FLAT SHOALS ELEMENTARY SCHOOL,Georgia,Flat Shoals Elementary School,Rockdale County,30034,1-Regular school,2-No,33.6326,-83.9918,Elementary,Prekindergarten,5th Grade,616.0,445,209,55,500,506,†,28,82,325.0,291.0,1.0,7.0,77.0,468.0,23.0,4.0,36.0,616.0,11.00,ELSI_NCES_GA_school_data.csv
FRED A. TOOMER ELEMENTARY SCHOOL,Georgia,Fred A. Toomer Elementary School,DeKalb County,30317,1-Regular school,2-No,33.7548,-84.3278,Elementary,Prekindergarten,5th Grade,501.0,278,197,17,295,348,†,71,82,242.0,259.0,0.0,1.0,23.0,329.0,131.0,0.0,17.0,501.0,13.12,ELSI_NCES_GA_school_data.csv
FREDERICK DOUGLASS HIGH SCHOOL,Georgia,Frederick Douglass High School,Fulton County,30318,1-Regular school,2-No,33.7612,-84.4681,High,9th Grade,12th Grade,1194.0,1194,503,0,1194,†,1194,†,†,615.0,579.0,6.0,3.0,83.0,1085.0,2.0,0.0,15.0,1194.0,13.33,ELSI_NCES_GA_school_data.csv
FULTON ACADEMY OF VIRTUAL EXCELLENCE,GEORGIA,Fulton Academy of Virtual Excellence,Fulton County,30339,1-Regular school,2-No,33.909873,-84.426403,Other,2nd Grade,12th Grade,464.0,158,74,16,174,221,243,†,†,203.0,261.0,0.0,24.0,62.0,286.0,62.0,0.0,30.0,464.0,9.77,ELSI_NCES_GA_school_data.csv
FULTON LEADERSHIP ACADEMY,Georgia,Fulton Leadership Academy,Fulton County,30344,1-Regular school,1-Yes,33.685351,-84.476181,High,6th Grade,12th Grade,166.0,98,48,15,113,96,70,†,†,166.0,0.0,0.0,1.0,4.0,154.0,1.0,0.0,6.0,166.0,10.00,ELSI_NCES_GA_school_data.csv
GARDEN HILLS ELEMENTARY SCHOOL,Georgia,Garden Hills Elementary School,Fulton County,30305,1-Regular school,2-No,33.8318,-84.3787,Elementary,Prekindergarten,5th Grade,470.0,285,116,25,310,352,†,43,75,226.0,244.0,0.0,10.0,167.0,195.0,85.0,0.0,13.0,470.0,11.44,ELSI_NCES_GA_school_data.csv
GENESIS INNOVATION ACADEMY FOR BOYS,GEORGIA,Genesis Innovation Academy for Boys,Fulton County,30316,1-Regular school,1-Yes,33.715914,-84.354709,Other,Kindergarten,11th Grade,291.0,212,104,26,238,262,0,†,29,291.0,0.0,1.0,0.0,32.0,250.0,2.0,0.0,6.0,291.0,9.60,ELSI_NCES_GA_school_data.csv
GENESIS INNOVATION ACADEMY FOR GIRLS,GEORGIA,Genesis Innovation Academy for Girls,Fulton County,30316,1-Regular school,1-Yes,33.715914,-84.354709,Other,Kindergarten,11th Grade,304.0,193,83,28,221,274,0,†,30,0.0,304.0,1.0,1.0,31.0,264.0,3.0,0.0,4.0,304.0,11.14,ELSI_NCES_GA_school_data.csv
GLENNWOOD ELEMENTARY SCHOOL,Georgia,Glennwood Elementary School,DeKalb County,30030,1-Regular school,2-No,33.7761,-84.2898,Elementary,Prekindergarten,2nd Grade,199.0,40,28,1,41,129,†,19,51,114.0,85.0,1.0,19.0,16.0,41.0,94.0,0.0,28.0,199.0,10.15,ELSI_NCES_GA_school_data.csv
GLOBE ACADEMY CHARTER SCHOOL I,Georgia,GLOBE Academy Charter School I,DeKalb County,30345,1-Regular school,1-Yes,33.849,-84.2909,Elementary,Kindergarten,8th Grade,1036.0,266,92,60,326,894,†,†,142,480.0,556.0,5.0,54.0,191.0,295.0,395.0,0.0,96.0,1036.0,13.40,ELSI_NCES_GA_school_data.csv
HAMILTON E. HOLMES ELEMENTARY,Georgia,Hamilton E. Holmes Elementary,Fulton County,30344,1-Regular school,2-No,33.6956,-84.4652,Elementary,Prekindergarten,5th Grade,589.0,589,304,0,589,451,†,48,90,279.0,310.0,1.0,2.0,109.0,453.0,5.0,0.0,19.0,589.0,14.06,ELSI_NCES_GA_school_data.csv
HANK AARON NEW BEGINNINGS ACADEMY,Georgia,Hank Aaron New Beginnings Academy,Fulton County,30315,4-Alternative Education School,2-No,33.675164,-84.398488,High,6th Grade,12th Grade,206.0,206,105,0,206,60,146,†,†,124.0,82.0,0.0,1.0,13.0,190.0,2.0,0.0,0.0,206.0,6.22,ELSI_NCES_GA_school_data.csv
HAPEVILLE ELEMENTARY SCHOOL,Georgia,Hapeville Elementary School,Fulton County,30354,1-Regular school,2-No,33.6604,-84.4067,Elementary,Prekindergarten,5th Grade,543.0,543,183,0,543,413,†,59,71,282.0,261.0,2.0,4.0,324.0,152.0,38.0,2.0,21.0,543.0,12.72,ELSI_NCES_GA_school_data.csv
HARPER-ARCHER ELEMENTARY SCHOOL,GEORGIA,Harper-Archer Elementary School,Fulton County,30331,1-Regular school,2-No,33.769621,-84.498792,Elementary,Prekindergarten,5th Grade,529.0,529,284,0,529,410,†,52,67,272.0,257.0,3.0,2.0,50.0,469.0,1.0,0.0,4.0,529.0,10.27,ELSI_NCES_GA_school_data.csv
HAWTHORNE ELEMENTARY SCHOOL,Georgia,Hawthorne Elementary School,Clayton County,30345,1-Regular school,2-No,33.4619,-84.3663,Elementary,Prekindergarten,5th Grade,804.0,804,217,0,804,644,†,50,110,375.0,429.0,2.0,9.0,197.0,541.0,15.0,1.0,39.0,804.0,15.17,ELSI_NCES_GA_school_data.csv
HEARDS FERRY ELEMENTARY SCHOOL,Georgia,Heards Ferry Elementary School,Fulton County,30339,1-Regular school,2-No,33.909873,-84.426403,Elementary,Prekindergarten,5th Grade,686.0,60,14,6,66,519,†,47,120,348.0,338.0,0.0,28.0,54.0,60.0,489.0,2.0,53.0,686.0,13.91,ELSI_NCES_GA_school_data.csv
HENDERSON MILL ELEMENTARY SCHOOL,Georgia,Henderson Mill Elementary School,DeKalb County,30345,1-Regular school,2-No,33.8563,-84.2587,Elementary,Prekindergarten,5th Grade,526.0,351,132,29,380,414,†,29,83,273.0,253.0,8.0,17.0,242.0,136.0,96.0,0.0,27.0,526.0,14.90,ELSI_NCES_GA_school_data.csv
HERITAGE ACADEMY ELEMENTARY SCHOOL,Georgia,Heritage Academy Elementary School,Fulton County,30354,1-Regular school,2-No,33.6588,-84.3786,Elementary,Prekindergarten,5th Grade,412.0,412,214,0,412,343,†,21,48,226.0,186.0,1.0,0.0,13.0,390.0,0.0,0.0,8.0,412.0,9.98,ELSI_NCES_GA_school_data.csv
HERMAN J. RUSSELL WEST END ACADEMY,Georgia,Herman J. Russell West End Academy,Fulton County,30310,1-Regular school,2-No,33.7341,-84.4211,Middle,6th Grade,8th Grade,366.0,366,190,0,366,366,†,†,†,208.0,158.0,1.0,2.0,9.0,349.0,0.0,0.0,5.0,366.0,10.08,ELSI_NCES_GA_school_data.csv
HIGH POINT ELEMENTARY SCHOOL,Georgia,High Point Elementary School,Fulton County,30342,1-Regular school,2-No,33.8992,-84.37,Elementary,Prekindergarten,5th Grade,668.0,345,136,38,383,512,†,47,109,343.0,325.0,0.0,38.0,183.0,230.0,175.0,0.0,42.0,668.0,13.47,ELSI_NCES_GA_school_data.csv
HILLSIDE CONANT SCHOOL,Georgia,Hillside Conant School,Fulton County,30306,1-Regular school,2-No,33.7903,-84.3654,Other,1st Grade,12th Grade,66.0,63,3,0,63,24,42,†,†,14.0,52.0,0.0,0.0,1.0,21.0,42.0,0.0,2.0,66.0,6.00,ELSI_NCES_GA_school_data.csv
INTERNATIONAL COMMUNITY SCHOOL,Georgia,International Community School,DeKalb County,30033,1-Regular school,1-Yes,33.8027,-84.2901,Elementary,Kindergarten,5th Grade,473.0,295,162,39,334,387,†,†,86,235.0,238.0,0.0,159.0,25.0,180.0,84.0,1.0,24.0,473.0,15.26,ELSI_NCES_GA_school_data.csv
IVY PREPARATORY ACADEMY- INC,Georgia,Ivy Preparatory Academy- Inc,DeKalb County,30317,1-Regular school,1-Yes,33.745907,-84.32794,Elementary,Kindergarten,8th Grade,459.0,364,152,0,364,404,†,†,55,0.0,459.0,0.0,0.0,26.0,420.0,0.0,0.0,13.0,459.0,11.77,ELSI_NCES_GA_school_data.csv
JACKSON ELEMENTARY SCHOOL,Georgia,Jackson Elementary School,Butts County,30327,1-Regular school,2-No,33.273445,-83.963535,Elementary,Prekindergarten,5th Grade,559.0,559,246,0,559,418,†,44,97,303.0,256.0,1.0,2.0,44.0,206.0,260.0,1.0,45.0,559.0,14.26,ELSI_NCES_GA_school_data.csv
JEAN CHILDS YOUNG MIDDLE SCHOOL,Georgia,Jean Childs Young Middle School,Fulton County,30311,1-Regular school,2-No,33.7327,-84.4895,Middle,6th Grade,8th Grade,656.0,638,298,0,638,656,†,†,†,329.0,327.0,0.0,2.0,56.0,591.0,0.0,3.0,4.0,656.0,10.79,ELSI_NCES_GA_school_data.csv
JOHN LEWIS INVICTUS ACADEMY,GEORGIA,John Lewis Invictus Academy,Fulton County,30318,1-Regular school,2-No,33.774616,-84.447932,Middle,6th Grade,8th Grade,738.0,738,395,0,738,738,†,†,†,413.0,325.0,1.0,0.0,64.0,669.0,0.0,0.0,4.0,738.0,11.37,ELSI_NCES_GA_school_data.csv
JOHN ROBERT LEWIS ELEMENTARY SCHOOL,GEORGIA,John Robert Lewis Elementary School,Bibb County,30319,1-Regular school,2-No,32.833172,-83.689841,Elementary,Prekindergarten,5th Grade,724.0,644,502,0,644,570,†,53,101,370.0,354.0,2.0,1.0,25.0,662.0,10.0,0.0,24.0,724.0,16.27,ELSI_NCES_GA_school_data.csv
JOHN WESLEY DOBBS ELEMENTARY SCHOOL,Georgia,John Wesley Dobbs Elementary School,Fulton County,30315,1-Regular school,2-No,33.6983,-84.3725,Elementary,Prekindergarten,5th Grade,310.0,310,147,0,310,253,†,22,35,162.0,148.0,1.0,1.0,37.0,268.0,1.0,0.0,2.0,310.0,8.16,ELSI_NCES_GA_school_data.csv
JOSEPH HUMPHRIES ELEMENTARY SCHOOL,Georgia,Joseph Humphries Elementary School,Fulton County,30315,1-Regular school,2-No,33.671966,-84.376446,Elementary,Prekindergarten,5th Grade,259.0,259,134,0,259,200,†,20,39,128.0,131.0,1.0,0.0,30.0,227.0,1.0,0.0,0.0,259.0,12.57,ELSI_NCES_GA_school_data.csv
JUDSON PRICE MIDDLE SCHOOL,Georgia,Judson Price Middle School,Fulton County,30315,1-Regular school,2-No,33.7089,-84.3874,Middle,6th Grade,8th Grade,271.0,271,140,0,271,271,†,†,†,141.0,130.0,0.0,0.0,9.0,262.0,0.0,0.0,0.0,271.0,11.29,ELSI_NCES_GA_school_data.csv
KELLEY LAKE ELEMENTARY SCHOOL,Georgia,Kelley Lake Elementary School,DeKalb County,30032,1-Regular school,2-No,33.7159,-84.2839,Elementary,Prekindergarten,5th Grade,233.0,233,123,0,233,175,†,26,32,115.0,118.0,0.0,0.0,37.0,184.0,0.0,0.0,12.0,233.0,9.91,ELSI_NCES_GA_school_data.csv
KINDEZI OLD 4TH WARD,GEORGIA,Kindezi Old 4th Ward,Fulton County,30308,1-Regular school,1-Yes,33.7682,-84.374561,Elementary,Kindergarten,8th Grade,385.0,297,142,0,297,343,†,†,42,214.0,171.0,1.0,0.0,11.0,349.0,11.0,0.0,13.0,385.0,9.37,ELSI_NCES_GA_school_data.csv
KIPP ATLANTA COLLEGIATE CHARTER SCHOOL,Georgia,Kipp Atlanta Collegiate Charter School,Fulton County,30314,1-Regular school,1-Yes,33.7562,-84.4512,High,9th Grade,12th Grade,832.0,571,260,0,571,†,832,†,†,430.0,402.0,0.0,0.0,12.0,811.0,0.0,1.0,8.0,832.0,13.89,ELSI_NCES_GA_school_data.csv
KIPP SOUL ACADEMY,GEORGIA,KIPP Soul Academy,Fulton County,30331,1-Regular school,1-Yes,33.793978,-84.498402,Middle,5th Grade,8th Grade,344.0,326,142,0,326,344,†,†,†,169.0,175.0,0.0,0.0,3.0,338.0,1.0,1.0,1.0,344.0,9.69,ELSI_NCES_GA_school_data.csv
KIPP SOUL PRIMARY,GEORGIA,KIPP Soul Primary,Fulton County,30331,1-Regular school,1-Yes,33.793978,-84.498402,Elementary,Kindergarten,4th Grade,410.0,389,186,0,389,346,†,†,64,208.0,202.0,1.0,0.0,5.0,401.0,0.0,0.0,3.0,410.0,15.19,ELSI_NCES_GA_school_data.csv
KIPP SOUTH FULTON ACADEMY SCHOOL,Georgia,KIPP South Fulton Academy School,Fulton County,30344,1-Regular school,1-Yes,33.6756,-84.4311,Middle,5th Grade,8th Grade,380.0,185,69,36,221,380,†,†,†,177.0,203.0,0.0,0.0,43.0,329.0,3.0,0.0,5.0,380.0,12.67,ELSI_NCES_GA_school_data.csv
KIPP STRIVE CHARTER SCHOOL,Georgia,Kipp Strive Charter School,Fulton County,30310,1-Regular school,1-Yes,33.7421,-84.4348,Middle,5th Grade,8th Grade,406.0,301,147,0,301,406,†,†,†,192.0,214.0,0.0,0.0,5.0,395.0,1.0,0.0,5.0,406.0,14.50,ELSI_NCES_GA_school_data.csv
KIPP STRIVE PRIMARY CHARTER SCHOOL,Georgia,KIPP Strive Primary Charter School,Fulton County,30310,1-Regular school,1-Yes,33.7421,-84.4347,Elementary,Kindergarten,4th Grade,521.0,424,207,0,424,412,†,†,109,269.0,252.0,1.0,0.0,5.0,498.0,12.0,0.0,5.0,521.0,17.25,ELSI_NCES_GA_school_data.csv
KIPP VISION CHARTER SCHOOL,Georgia,KIPP VISION Charter School,Fulton County,30315,1-Regular school,1-Yes,33.689136,-84.36683,Middle,5th Grade,8th Grade,403.0,342,166,0,342,403,†,†,†,197.0,206.0,0.0,0.0,20.0,380.0,0.0,0.0,3.0,403.0,12.14,ELSI_NCES_GA_school_data.csv
KIPP VISION PRIMARY CHARTER SCHOOL,Georgia,KIPP Vision Primary Charter School,Fulton County,30315,1-Regular school,1-Yes,33.689136,-84.36683,Elementary,Kindergarten,4th Grade,479.0,418,217,0,418,393,†,†,86,234.0,245.0,0.0,1.0,17.0,456.0,0.0,0.0,5.0,479.0,14.52,ELSI_NCES_GA_school_data.csv
KIPP WAYS ACADEMY CHARTER SCHOOL,Georgia,KIPP WAYS Academy Charter School,Fulton County,30314,1-Regular school,1-Yes,33.76452,-84.422721,Middle,5th Grade,8th Grade,395.0,370,182,0,370,395,†,†,†,205.0,190.0,1.0,0.0,2.0,388.0,1.0,1.0,2.0,395.0,12.74,ELSI_NCES_GA_school_data.csv
KIPP WAYS PRIMARY CHARTER SCHOOL,GEORGIA,Kipp WAYS Primary Charter School,Fulton County,30314,1-Regular school,1-Yes,33.76452,-84.422721,Elementary,Kindergarten,4th Grade,484.0,481,228,0,481,382,†,†,102,243.0,241.0,1.0,0.0,8.0,470.0,2.0,0.0,3.0,484.0,15.37,ELSI_NCES_GA_school_data.csv
KITTREDGE MAGNET SCHOOL,Georgia,Kittredge Magnet School,DeKalb County,30329,1-Regular school,2-No,33.826636,-84.327816,Middle,4th Grade,6th Grade,551.0,38,13,7,45,551,†,†,†,298.0,253.0,6.0,134.0,28.0,58.0,290.0,2.0,33.0,551.0,15.52,ELSI_NCES_GA_school_data.csv
L. O. KIMBERLY ELEMENTARY SCHOOL,Georgia,L. O. Kimberly Elementary School,Fulton County,30311,1-Regular school,2-No,33.7019,-84.4901,Elementary,Prekindergarten,5th Grade,300.0,300,144,0,300,236,†,21,43,153.0,147.0,0.0,0.0,17.0,282.0,0.0,0.0,1.0,300.0,10.10,ELSI_NCES_GA_school_data.csv
LAKESIDE HIGH SCHOOL,Georgia,Lakeside High School,DeKalb County,30345,1-Regular school,2-No,33.8453,-84.2848,High,9th Grade,12th Grade,2186.0,980,315,90,1070,†,2186,†,†,1132.0,1054.0,7.0,83.0,938.0,406.0,674.0,1.0,77.0,2186.0,17.15,ELSI_NCES_GA_school_data.csv
LAUREL RIDGE ELEMENTARY SCHOOL,Georgia,Laurel Ridge Elementary School,DeKalb County,30033,1-Regular school,2-No,33.8154,-84.276,Elementary,Prekindergarten,5th Grade,440.0,182,72,11,193,335,†,45,60,231.0,209.0,3.0,40.0,86.0,99.0,174.0,1.0,37.0,440.0,11.89,ELSI_NCES_GA_school_data.csv
LIBERATION ACADEMY,GEORGIA,Liberation Academy,Fulton County,30337,1-Regular school,1-Yes,33.660719,-84.445933,Middle,5th Grade,8th Grade,76.0,†,†,†,†,76,†,†,†,42.0,34.0,1.0,0.0,0.0,74.0,1.0,0.0,0.0,76.0,9.50,ELSI_NCES_GA_school_data.csv
M. A. JONES ELEMENTARY SCHOOL,Georgia,M. A. Jones Elementary School,Fulton County,30314,1-Regular school,2-No,33.7485,-84.4218,Elementary,Prekindergarten,5th Grade,481.0,481,207,0,481,373,†,37,71,245.0,236.0,0.0,3.0,7.0,459.0,3.0,1.0,8.0,481.0,13.36,ELSI_NCES_GA_school_data.csv
MAIN STREET CHARTER ACADEMY,Georgia,Main Street Charter Academy,Fulton County,30337,1-Regular school,1-Yes,33.641596,-84.481704,Elementary,Kindergarten,8th Grade,831.0,471,11,92,563,764,†,†,67,433.0,398.0,5.0,2.0,34.0,750.0,19.0,0.0,21.0,831.0,16.62,ELSI_NCES_GA_school_data.csv
MARGARET HARRIS COMPREHENSIVE SCHOOL,Georgia,Margaret Harris Comprehensive School,DeKalb County,30329,1-Regular school,2-No,33.8294,-84.3209,Other,Prekindergarten,12th Grade,76.0,63,20,1,64,43,31,1,1,49.0,27.0,0.0,9.0,9.0,46.0,8.0,1.0,3.0,76.0,4.90,ELSI_NCES_GA_school_data.csv
MARTIN L. KING JR. MIDDLE SCHOOL,Georgia,Martin L. King Jr. Middle School,Fulton County,30312,1-Regular school,2-No,33.7386,-84.3806,Middle,6th Grade,8th Grade,801.0,745,320,0,745,801,†,†,†,414.0,387.0,2.0,4.0,53.0,597.0,117.0,0.0,28.0,801.0,13.81,ELSI_NCES_GA_school_data.csv
MARY LIN ELEMENTARY SCHOOL,Georgia,Mary Lin Elementary School,DeKalb County,30307,1-Regular school,2-No,33.7696,-84.3403,Elementary,Kindergarten,5th Grade,509.0,22,6,2,24,445,†,†,64,254.0,255.0,1.0,19.0,29.0,43.0,379.0,0.0,38.0,509.0,14.34,ELSI_NCES_GA_school_data.csv
MAYNARD JACKSON HIGH SCHOOL,Georgia,Maynard Jackson High School,Fulton County,30316,1-Regular school,2-No,33.7393,-84.3619,High,9th Grade,12th Grade,1551.0,728,429,74,802,†,1551,†,†,772.0,779.0,2.0,10.0,133.0,1084.0,279.0,4.0,39.0,1551.0,13.46,ELSI_NCES_GA_school_data.csv
MCLENDON ELEMENTARY SCHOOL,Georgia,McLendon Elementary School,DeKalb County,30033,1-Regular school,2-No,33.8041,-84.2618,Elementary,Prekindergarten,5th Grade,317.0,307,107,0,307,242,†,34,41,158.0,159.0,3.0,30.0,50.0,196.0,17.0,0.0,21.0,317.0,11.20,ELSI_NCES_GA_school_data.csv
MCNAIR HIGH SCHOOL,Georgia,McNair High School,DeKalb County,30316,1-Regular school,2-No,33.705,-84.326,High,9th Grade,12th Grade,776.0,776,375,0,776,†,776,†,†,387.0,389.0,4.0,1.0,46.0,712.0,5.0,1.0,7.0,776.0,16.34,ELSI_NCES_GA_school_data.csv
MCNAIR MIDDLE SCHOOL,Georgia,McNair Middle School,Fulton County,30032,1-Regular school,2-No,33.593976,-84.484237,Middle,6th Grade,8th Grade,886.0,886,353,0,886,886,†,†,†,481.0,405.0,0.0,3.0,50.0,814.0,1.0,0.0,18.0,886.0,15.94,ELSI_NCES_GA_school_data.csv
METRO REGIONAL YOUTH DETENTION CENTER,Georgia,Metro Regional Youth Detention Center,DeKalb County,30316,4-Alternative Education School,2-No,33.69,-84.3361,High,5th Grade,12th Grade,29.0,26,26,0,26,4,25,†,†,23.0,6.0,0.0,0.0,0.0,28.0,1.0,0.0,0.0,29.0,5.80,ELSI_NCES_GA_school_data.csv
MICHAEL R. HOLLIS INNOVATION ACADEMY,GEORGIA,Michael R. Hollis Innovation Academy,Fulton County,30314,1-Regular school,2-No,33.76076,-84.41205,Elementary,Prekindergarten,8th Grade,633.0,633,302,0,633,540,†,33,60,322.0,311.0,6.0,1.0,24.0,584.0,2.0,4.0,12.0,633.0,10.02,ELSI_NCES_GA_school_data.csv
MIDTOWN HIGH SCHOOL,Georgia,Midtown High School,Fulton County,30309,1-Regular school,2-No,33.7806,-84.3714,High,9th Grade,12th Grade,1658.0,399,235,43,442,†,1658,†,†,843.0,815.0,12.0,38.0,141.0,589.0,772.0,1.0,105.0,1658.0,15.60,ELSI_NCES_GA_school_data.csv
MILES ELEMENTARY SCHOOL,Georgia,Miles Elementary School,Fulton County,30331,1-Regular school,2-No,33.7557,-84.5259,Elementary,Prekindergarten,5th Grade,468.0,468,235,0,468,378,†,30,60,236.0,232.0,0.0,1.0,35.0,422.0,5.0,0.0,5.0,468.0,10.56,ELSI_NCES_GA_school_data.csv
MONTCLAIR ELEMENTARY SCHOOL,Georgia,Montclair Elementary School,DeKalb County,30329,1-Regular school,2-No,33.8477,-84.32,Elementary,Prekindergarten,5th Grade,633.0,513,196,0,513,488,†,43,102,358.0,275.0,3.0,5.0,549.0,66.0,5.0,0.0,5.0,633.0,15.18,ELSI_NCES_GA_school_data.csv
MONTGOMERY ELEMENTARY SCHOOL,Georgia,Montgomery Elementary School,DeKalb County,30319,1-Regular school,2-No,33.9097,-84.3323,Elementary,Prekindergarten,5th Grade,697.0,100,26,13,113,528,†,43,126,365.0,332.0,1.0,70.0,77.0,100.0,371.0,0.0,78.0,697.0,16.32,ELSI_NCES_GA_school_data.csv
MORNINGSIDE ELEMENTARY SCHOOL,Georgia,Morningside Elementary School,Houston County,30305,1-Regular school,2-No,32.4643,-83.7105,Elementary,Prekindergarten,5th Grade,484.0,436,202,0,436,371,†,44,69,239.0,245.0,1.0,7.0,28.0,310.0,111.0,1.0,26.0,484.0,13.44,ELSI_NCES_GA_school_data.csv
MORRIS BRANDON ELEMENTARY SCHOOL,Georgia,Morris Brandon Elementary School,Fulton County,30327,1-Regular school,2-No,33.83,-84.4156,Elementary,Prekindergarten,5th Grade,895.0,150,62,19,169,709,†,23,163,451.0,444.0,1.0,28.0,84.0,214.0,523.0,0.0,45.0,895.0,14.14,ELSI_NCES_GA_school_data.csv
MUSEUM SCHOOL AVONDALE ESTATES,Georgia,Museum School Avondale Estates,DeKalb County,30002,1-Regular school,1-Yes,33.768903,-84.271127,Elementary,Kindergarten,8th Grade,587.0,183,79,34,217,528,†,†,59,305.0,282.0,0.0,24.0,45.0,194.0,284.0,1.0,39.0,587.0,12.49,ELSI_NCES_GA_school_data.csv
NARVIE HARRIS ELEMENTARY SCHOOL,Georgia,Narvie Harris Elementary School,DeKalb County,30034,1-Regular school,2-No,33.6668,-84.2266,Elementary,Prekindergarten,5th Grade,565.0,384,147,0,384,425,†,56,84,280.0,285.0,3.0,0.0,14.0,539.0,1.0,0.0,8.0,565.0,16.47,ELSI_NCES_GA_school_data.csv
NORTH ATLANTA HIGH SCHOOL,Georgia,North Atlanta High School,Fulton County,30327,1-Regular school,2-No,33.8668,-84.4456,High,9th Grade,12th Grade,2332.0,665,269,89,754,†,2332,†,†,1143.0,1189.0,11.0,54.0,563.0,864.0,719.0,2.0,119.0,2332.0,15.43,ELSI_NCES_GA_school_data.csv
OAK GROVE ELEMENTARY SCHOOL,Georgia,Oak Grove Elementary School,Fayette County,30345,1-Regular school,2-No,33.379931,-84.543958,Elementary,Prekindergarten,5th Grade,466.0,154,45,28,182,365,†,46,55,249.0,217.0,0.0,57.0,78.0,73.0,222.0,0.0,36.0,466.0,11.80,ELSI_NCES_GA_school_data.csv
OAK VIEW ELEMENTARY,Georgia,Oak View Elementary,DeKalb County,30034,1-Regular school,2-No,33.6799,-84.2689,Elementary,Prekindergarten,5th Grade,701.0,701,353,0,701,546,†,53,102,370.0,331.0,6.0,0.0,48.0,613.0,5.0,1.0,28.0,701.0,16.81,ELSI_NCES_GA_school_data.csv
OAKHURST ELEMENTARY SCHOOL,Georgia,Oakhurst Elementary School,DeKalb County,30030,1-Regular school,2-No,33.7637,-84.306,Elementary,Prekindergarten,2nd Grade,256.0,29,22,1,30,149,†,30,77,144.0,112.0,2.0,17.0,16.0,36.0,149.0,0.0,36.0,256.0,10.45,ELSI_NCES_GA_school_data.csv
PARKLANE ELEMENTARY SCHOOL,Georgia,Parklane Elementary School,Fulton County,30344,1-Regular school,2-No,33.6784,-84.4249,Elementary,Prekindergarten,5th Grade,313.0,313,155,0,313,225,†,31,57,162.0,151.0,2.0,2.0,88.0,193.0,11.0,0.0,17.0,313.0,11.22,ELSI_NCES_GA_school_data.csv
PARKSIDE ELEMENTARY SCHOOL,Georgia,Parkside Elementary School,Fulton County,30312,1-Regular school,2-No,33.7351,-84.3647,Elementary,Prekindergarten,5th Grade,603.0,276,159,15,291,460,†,52,91,322.0,281.0,1.0,9.0,36.0,294.0,212.0,0.0,51.0,603.0,13.52,ELSI_NCES_GA_school_data.csv
PAUL D. WEST MIDDLE SCHOOL,Georgia,Paul D. West Middle School,Fulton County,30344,1-Regular school,2-No,33.6886,-84.4656,Middle,6th Grade,8th Grade,804.0,804,356,0,804,804,†,†,†,418.0,386.0,3.0,1.0,296.0,475.0,12.0,3.0,14.0,804.0,12.27,ELSI_NCES_GA_school_data.csv
PAUL L. DUNBAR ELEMENTARY SCHOOL,Georgia,Paul L. Dunbar Elementary School,Fulton County,30312,1-Regular school,2-No,33.741544,-84.401347,Elementary,Prekindergarten,5th Grade,250.0,250,142,0,250,202,†,22,26,127.0,123.0,2.0,0.0,4.0,239.0,0.0,0.0,5.0,250.0,8.90,ELSI_NCES_GA_school_data.csv
PEACE ACADEMY CHARTER SCHOOL,GEORGIA,PEACE Academy Charter School,DeKalb County,30316,1-Regular school,1-Yes,33.734336,-84.283576,Elementary,Kindergarten,3rd Grade,133.0,90,60,6,96,82,†,†,51,57.0,76.0,0.0,0.0,5.0,127.0,0.0,0.0,1.0,133.0,13.57,ELSI_NCES_GA_school_data.csv
PEACHCREST ELEMENTARY SCHOOL,GEORGIA,Peachcrest Elementary School,DeKalb County,30032,1-Regular school,2-No,33.74757,-84.245561,Elementary,Prekindergarten,5th Grade,660.0,660,324,0,660,504,†,71,85,350.0,310.0,7.0,16.0,62.0,524.0,16.0,1.0,34.0,660.0,13.41,ELSI_NCES_GA_school_data.csv
PEYTON FOREST ELEMENTARY SCHOOL,Georgia,Peyton Forest Elementary School,Fulton County,30311,1-Regular school,2-No,33.7487,-84.4788,Elementary,Prekindergarten,5th Grade,309.0,309,120,0,309,243,†,23,43,152.0,157.0,1.0,2.0,31.0,272.0,1.0,0.0,2.0,309.0,9.06,ELSI_NCES_GA_school_data.csv
R. N. FICKETT ELEMENTARY SCHOOL,Georgia,R. N. Fickett Elementary School,Fulton County,30331,1-Regular school,2-No,33.6975,-84.5171,Elementary,Prekindergarten,5th Grade,477.0,457,225,0,457,388,†,30,59,249.0,228.0,5.0,0.0,13.0,446.0,1.0,1.0,11.0,477.0,12.52,ELSI_NCES_GA_school_data.csv
RAINBOW ELEMENTARY SCHOOL,Georgia,Rainbow Elementary School,DeKalb County,30034,1-Regular school,2-No,33.7049,-84.2251,Elementary,Prekindergarten,5th Grade,319.0,319,163,0,319,260,†,21,38,164.0,155.0,0.0,3.0,21.0,285.0,0.0,0.0,10.0,319.0,12.46,ELSI_NCES_GA_school_data.csv
RALPH BUNCHE MIDDLE SCHOOL,Georgia,Ralph Bunche Middle School,Fulton County,30331,1-Regular school,2-No,33.7013,-84.5307,Middle,6th Grade,8th Grade,712.0,640,302,0,640,712,†,†,†,374.0,338.0,3.0,0.0,27.0,669.0,2.0,1.0,10.0,712.0,11.99,ELSI_NCES_GA_school_data.csv
RANDOLPH ELEMENTARY SCHOOL,Georgia,Randolph Elementary School,Fulton County,30331,1-Regular school,2-No,33.7048,-84.5609,Elementary,Prekindergarten,5th Grade,509.0,509,188,0,509,408,†,44,57,234.0,275.0,1.0,1.0,12.0,469.0,0.0,0.0,26.0,509.0,14.22,ELSI_NCES_GA_school_data.csv
RESURGENCE HALL CHARTER SCHOOL,GEORGIA,Resurgence Hall Charter School,Fulton County,30344,1-Regular school,1-Yes,33.674837,-84.44417,Elementary,Kindergarten,4th Grade,407.0,249,124,60,309,323,†,†,84,192.0,215.0,0.0,0.0,10.0,390.0,5.0,0.0,2.0,407.0,16.28,ELSI_NCES_GA_school_data.csv
RESURGENCE HALL MIDDLE ACADEMY,GEORGIA,Resurgence Hall Middle Academy,Fulton County,30344,1-Regular school,1-Yes,33.675301,-84.444493,Middle,5th Grade,8th Grade,133.0,75,42,16,91,133,†,†,†,70.0,63.0,0.0,0.0,3.0,128.0,1.0,0.0,1.0,133.0,14.78,ELSI_NCES_GA_school_data.csv
RIDGEVIEW CHARTER SCHOOL,Georgia,Ridgeview Charter School,Fulton County,30342,1-Regular school,2-No,33.898218,-84.359291,Middle,6th Grade,8th Grade,963.0,470,205,42,512,963,†,†,†,473.0,490.0,1.0,26.0,444.0,181.0,272.0,1.0,38.0,963.0,12.08,ELSI_NCES_GA_school_data.csv
RISE PREPARATORY CHARTER SCHOOL,GEORGIA,RISE Preparatory Charter School,Fulton County,30344,1-Regular school,1-Yes,33.676625,-84.473753,Elementary,Kindergarten,8th Grade,457.0,402,212,52,454,420,†,†,37,230.0,227.0,4.0,1.0,51.0,387.0,4.0,0.0,10.0,457.0,9.76,ELSI_NCES_GA_school_data.csv
ROBERT SHAW THEME SCHOOL,Georgia,Robert Shaw Theme School,DeKalb County,30079,1-Regular school,2-No,33.7862,-84.2547,Elementary,Prekindergarten,5th Grade,314.0,270,100,0,270,252,†,21,41,155.0,159.0,1.0,6.0,10.0,291.0,5.0,0.0,1.0,314.0,11.38,ELSI_NCES_GA_school_data.csv
RONALD E MCNAIR DISCOVER LEARNING ACADEMY ELEMENTARY SCHOOL,Georgia,Ronald E McNair Discover Learning Academy Elementary School,DeKalb County,30032,1-Regular school,2-No,33.72728,-84.306811,Elementary,Prekindergarten,5th Grade,531.0,345,289,0,345,396,†,62,73,268.0,263.0,1.0,1.0,16.0,493.0,8.0,0.0,12.0,531.0,13.62,ELSI_NCES_GA_school_data.csv
SAGAMORE HILLS ELEMENTARY SCHOOL,Georgia,Sagamore Hills Elementary School,DeKalb County,30345,1-Regular school,2-No,33.8332,-84.3038,Elementary,Prekindergarten,5th Grade,428.0,124,38,18,142,342,†,34,52,211.0,217.0,1.0,23.0,94.0,78.0,198.0,0.0,34.0,428.0,11.82,ELSI_NCES_GA_school_data.csv
SANDTOWN MIDDLE SCHOOL,Georgia,Sandtown Middle School,Fulton County,30331,1-Regular school,2-No,33.6998,-84.5611,Middle,6th Grade,8th Grade,1004.0,551,244,87,638,1004,†,†,†,547.0,457.0,5.0,4.0,32.0,931.0,2.0,0.0,30.0,1004.0,15.61,ELSI_NCES_GA_school_data.csv
SARA RAWSON SMITH ELEMENTARY SCHOOL,Georgia,Sara Rawson Smith Elementary School,Fulton County,30342,1-Regular school,2-No,33.8582,-84.3755,Elementary,Prekindergarten,5th Grade,875.0,292,124,21,313,689,†,49,137,421.0,454.0,1.0,64.0,188.0,288.0,266.0,0.0,68.0,875.0,12.76,ELSI_NCES_GA_school_data.csv
SLAM ACADEMY OF ATLANTA,GEORGIA,SLAM Academy of Atlanta,Fulton County,30331,1-Regular school,1-Yes,33.689241,-84.496613,Elementary,Kindergarten,8th Grade,192.0,122,141,0,122,157,†,†,35,113.0,79.0,0.0,0.0,6.0,183.0,0.0,0.0,3.0,192.0,15.87,ELSI_NCES_GA_school_data.csv
SNAPFINGER ELEMENTARY SCHOOL,Georgia,Snapfinger Elementary School,DeKalb County,30032,1-Regular school,2-No,33.732,-84.2471,Elementary,Prekindergarten,5th Grade,429.0,429,240,0,429,329,†,39,61,201.0,228.0,0.0,4.0,29.0,387.0,1.0,1.0,7.0,429.0,14.49,ELSI_NCES_GA_school_data.csv
SOUTH ATLANTA HIGH SCHOOL,GEORGIA,South Atlanta High School,Fulton County,30354,1-Regular school,2-No,33.671005,-84.36176,High,9th Grade,12th Grade,907.0,823,379,0,823,†,907,†,†,453.0,454.0,0.0,0.0,81.0,815.0,0.0,0.0,11.0,907.0,14.70,ELSI_NCES_GA_school_data.csv
SOUTHWEST DEKALB HIGH SCHOOL,Georgia,Southwest DeKalb High School,DeKalb County,30034,1-Regular school,2-No,33.702,-84.2245,High,9th Grade,12th Grade,1207.0,917,401,0,917,†,1207,†,†,588.0,619.0,1.0,4.0,46.0,1134.0,2.0,1.0,19.0,1207.0,15.01,ELSI_NCES_GA_school_data.csv
SPRINGDALE PARK ELEMENTARY SCHOOL,Georgia,Springdale Park Elementary School,DeKalb County,30306,1-Regular school,2-No,33.775384,-84.346747,Elementary,Kindergarten,5th Grade,427.0,85,51,6,91,346,†,†,81,210.0,217.0,1.0,19.0,54.0,75.0,234.0,2.0,42.0,427.0,11.83,ELSI_NCES_GA_school_data.csv
SYLVAN HILLS MIDDLE SCHOOL,Georgia,Sylvan Hills Middle School,Fulton County,30310,1-Regular school,2-No,33.7153,-84.4191,Middle,6th Grade,8th Grade,430.0,430,224,0,430,430,†,†,†,235.0,195.0,0.0,0.0,12.0,416.0,1.0,0.0,1.0,430.0,12.15,ELSI_NCES_GA_school_data.csv
T. J. PERKERSON ELEMENTARY SCHOOL,Georgia,T. J. Perkerson Elementary School,Fulton County,30310,1-Regular school,2-No,33.6981,-84.4134,Elementary,Prekindergarten,5th Grade,352.0,352,173,0,352,274,†,27,51,189.0,163.0,1.0,0.0,18.0,320.0,6.0,0.0,7.0,352.0,10.45,ELSI_NCES_GA_school_data.csv
TALLEY STREET UPPER ELEMENTARY SCHOOL,GEORGIA,Talley Street Upper Elementary School,DeKalb County,30030,1-Regular school,2-No,33.770317,-84.284348,Elementary,3rd Grade,5th Grade,638.0,104,86,7,111,638,†,†,†,339.0,299.0,0.0,43.0,32.0,144.0,353.0,0.0,66.0,638.0,11.75,ELSI_NCES_GA_school_data.csv
THE JOHN HOPE-CHARLES WALTER HILL ELEMENTARY SCHOOLS,Georgia,The John Hope-Charles Walter Hill Elementary Schools,Fulton County,30312,1-Regular school,2-No,33.7572,-84.3724,Elementary,Prekindergarten,5th Grade,409.0,409,147,0,409,295,†,46,68,202.0,207.0,1.0,1.0,17.0,324.0,53.0,0.0,13.0,409.0,11.21,ELSI_NCES_GA_school_data.csv
THE KINDEZI SCHOOL,Georgia,The Kindezi School,Fulton County,30331,1-Regular school,1-Yes,33.754816,-84.513549,Elementary,Kindergarten,8th Grade,380.0,262,142,0,262,352,†,†,28,184.0,196.0,0.0,0.0,3.0,371.0,3.0,0.0,3.0,380.0,7.87,ELSI_NCES_GA_school_data.csv
THOMAS HEATHE SLATER ELEMENTARY SCHOOL,Georgia,Thomas Heathe Slater Elementary School,Fulton County,30315,1-Regular school,2-No,33.7184,-84.3919,Elementary,Prekindergarten,5th Grade,534.0,534,278,0,534,400,†,46,88,292.0,242.0,0.0,0.0,11.0,515.0,1.0,0.0,7.0,534.0,13.32,ELSI_NCES_GA_school_data.csv
TONEY ELEMENTARY SCHOOL,Georgia,Toney Elementary School,DeKalb County,30032,1-Regular school,2-No,33.7272,-84.2787,Elementary,Prekindergarten,5th Grade,226.0,226,137,0,226,178,†,21,27,110.0,116.0,1.0,0.0,17.0,192.0,6.0,0.0,10.0,226.0,9.74,ELSI_NCES_GA_school_data.csv
TOWERS HIGH SCHOOL,Georgia,Towers High School,DeKalb County,30032,1-Regular school,2-No,33.7471,-84.2366,High,9th Grade,12th Grade,769.0,769,319,0,769,†,769,†,†,402.0,367.0,6.0,23.0,76.0,636.0,13.0,1.0,14.0,769.0,15.38,ELSI_NCES_GA_school_data.csv
TRI-CITIES HIGH SCHOOL,Georgia,Tri-Cities High School,Fulton County,30344,1-Regular school,2-No,33.6844,-84.437,High,9th Grade,12th Grade,1774.0,1774,661,0,1774,†,1774,†,†,832.0,942.0,3.0,5.0,515.0,1210.0,12.0,1.0,28.0,1774.0,15.24,ELSI_NCES_GA_school_data.csv
TUSKEGEE AIRMAN GLOBAL ACADEMY,GEORGIA,Tuskegee Airman Global Academy,Fulton County,30311,1-Regular school,2-No,33.73205,-84.440631,Elementary,Prekindergarten,5th Grade,466.0,466,240,0,466,381,†,20,65,241.0,225.0,2.0,1.0,12.0,441.0,0.0,0.0,10.0,466.0,11.31,ELSI_NCES_GA_school_data.csv
UHS OF LAUREL HEIGHTS,Georgia,UHS of Laurel Heights,DeKalb County,30306,1-Regular school,2-No,33.780131,-84.345313,Other,Prekindergarten,12th Grade,52.0,21,4,0,21,26,26,0,0,33.0,19.0,0.0,0.0,1.0,29.0,18.0,0.0,4.0,52.0,6.12,ELSI_NCES_GA_school_data.csv
VIRGINIA-HIGHLAND ELEMENTARY SCHOOL,GEORGIA,Virginia-Highland Elementary School,Fulton County,30306,1-Regular school,2-No,33.782459,-84.362446,Elementary,Prekindergarten,5th Grade,561.0,81,40,7,88,437,†,28,96,270.0,291.0,0.0,35.0,63.0,97.0,305.0,0.0,61.0,561.0,12.75,ELSI_NCES_GA_school_data.csv
WADSWORTH MAGNET SCHOOL FOR HIGH ACHIEVERS,Georgia,Wadsworth Magnet School for High Achievers,DeKalb County,30032,1-Regular school,2-No,33.743729,-84.26605,Middle,4th Grade,8th Grade,265.0,118,36,30,148,265,†,†,†,130.0,135.0,1.0,11.0,16.0,214.0,15.0,3.0,5.0,265.0,19.34,ELSI_NCES_GA_school_data.csv
WESLEY INTERNATIONAL ACADEMY CHARTER,Georgia,Wesley International Academy Charter,Fulton County,30312,1-Regular school,1-Yes,33.746662,-84.380944,Elementary,Kindergarten,8th Grade,766.0,499,276,50,549,682,†,†,84,386.0,380.0,3.0,5.0,26.0,649.0,41.0,0.0,42.0,766.0,12.72,ELSI_NCES_GA_school_data.csv
WEST MANOR ELEMENTARY SCHOOL,Georgia,West Manor Elementary School,Fulton County,30311,1-Regular school,2-No,33.739737,-84.489475,Elementary,Kindergarten,5th Grade,238.0,222,98,0,222,209,†,†,29,116.0,122.0,0.0,0.0,30.0,202.0,3.0,0.0,3.0,238.0,9.83,ELSI_NCES_GA_school_data.csv
WESTCHESTER ELEMENTARY SCHOOL,GEORGIA,Westchester Elementary School,DeKalb County,30030,1-Regular school,2-No,33.78314,-84.306721,Elementary,Prekindergarten,2nd Grade,184.0,10,7,1,11,108,†,36,40,118.0,66.0,0.0,12.0,16.0,14.0,127.0,0.0,15.0,184.0,11.22,ELSI_NCES_GA_school_data.csv
WESTLAKE HIGH SCHOOL,Georgia,Westlake High School,Fulton County,30331,1-Regular school,2-No,33.6893,-84.5758,High,9th Grade,12th Grade,2156.0,1003,418,148,1151,†,2156,†,†,1006.0,1150.0,3.0,10.0,79.0,2012.0,2.0,0.0,50.0,2156.0,19.16,ELSI_NCES_GA_school_data.csv
WESTSIDE ATLANTA CHARTER SCHOOL,Georgia,Westside Atlanta Charter School,Fulton County,30318,1-Regular school,1-Yes,33.804767,-84.461822,Elementary,Kindergarten,8th Grade,347.0,170,89,26,196,304,†,†,43,162.0,185.0,2.0,1.0,25.0,247.0,51.0,0.0,21.0,347.0,11.34,ELSI_NCES_GA_school_data.csv
WILLIAM J. SCOTT ELEMENTARY SCHOOL,Georgia,William J. Scott Elementary School,Fulton County,30318,1-Regular school,2-No,33.8033,-84.471,Elementary,Prekindergarten,5th Grade,312.0,312,153,0,312,252,†,18,42,145.0,167.0,0.0,0.0,43.0,268.0,0.0,0.0,1.0,312.0,9.15,ELSI_NCES_GA_school_data.csv
WILLIAM M.BOYD ELEMENTARY SCHOOL,Georgia,William M.Boyd Elementary School,Fulton County,30318,1-Regular school,2-No,33.7858,-84.4493,Elementary,Prekindergarten,5th Grade,440.0,440,225,0,440,343,†,40,57,228.0,212.0,0.0,1.0,18.0,412.0,0.0,2.0,7.0,440.0,10.89,ELSI_NCES_GA_school_data.csv
WILLIS A. SUTTON MIDDLE SCHOOL,Georgia,Willis A. Sutton Middle School,Fulton County,30305,1-Regular school,2-No,33.8322,-84.4067,Middle,6th Grade,8th Grade,1555.0,583,252,82,665,1555,†,†,†,792.0,763.0,9.0,31.0,398.0,587.0,436.0,1.0,93.0,1555.0,15.13,ELSI_NCES_GA_school_data.csv
WINNONA PARK ELEMENTARY SCHOOL,Georgia,Winnona Park Elementary School,DeKalb County,30030,1-Regular school,2-No,33.7651,-84.2898,Elementary,Prekindergarten,2nd Grade,292.0,17,12,2,19,172,†,44,76,147.0,145.0,0.0,16.0,15.0,39.0,194.0,1.0,27.0,292.0,11.45,ELSI_NCES_GA_school_data.csv
WOODLAND MIDDLE SCHOOL,Georgia,Woodland Middle School,Fulton County,30344,1-Regular school,2-No,33.6677,-84.4811,Middle,6th Grade,8th Grade,963.0,963,453,0,963,963,†,†,†,450.0,513.0,1.0,4.0,63.0,864.0,3.0,2.0,26.0,963.0,14.86,ELSI_NCES_GA_school_data.csv
WOODSON PARK ACADEMY SCHOOL,GEORGIA,Woodson Park Academy School,Fulton County,30318,1-Regular school,2-No,33.773042,-84.439369,Elementary,Prekindergarten,8th Grade,878.0,878,445,0,878,790,†,1,87,445.0,433.0,4.0,0.0,42.0,809.0,7.0,0.0,16.0,878.0,13.34,ELSI_NCES_GA_school_data.csv
WOODWARD ELEMENTARY SCHOOL,Georgia,Woodward Elementary School,DeKalb County,30319,1-Regular school,2-No,33.8413,-84.3372,Elementary,Prekindergarten,5th Grade,546.0,491,162,0,491,435,†,42,69,272.0,274.0,0.0,2.0,513.0,21.0,7.0,0.0,3.0,546.0,12.27,ELSI_NCES_GA_school_data.csv
